<?xml version="1.0" encoding="WINDOWS-1252"?>
<LIST_G_CUST_CODE>
    <G_CUST_CODE>
        <CUSTOMER_ID>1</CUSTOMER_ID>
        <CUSTOMER_NAME>sabari</CUSTOMER_NAME>
        <CONTACT_NO>9677388662</CONTACT_NO>
        <EMAIL>sabarirajansunar@gmail.com</EMAIL>
    </G_CUST_CODE>
    <LIST_G_ORDER_CODE>
        <G_PRODUCT_CODE>
            <PRODUCT_ID>1</PRODUCT_ID>
            <PRODUCT_NAME>phone</PRODUCT_NAME>
            <CART_ID>103</CART_ID>
            <CATAGORY_NAME>grocerry</CATAGORY_NAME>
			<GST>18%</GST>
			<CATAGORY_ID>1</CATAGORY_ID>
			<CART_ID>1</CART_ID>
			<VENDOR_NAME>brandee</VENDOR_NAME>
			<VENDOR_ID>2</VENDOR_ID>
            <ORDER_DATE>5-sep-2022</ORDER_DATE>
			<TOTAL_AMOUNT>600</TOTAL_AMOUNT>
			<UNIT_PRICE>12</UNIT_PRICE>
			<QUANTITY>13</QUANTITY>
			<PRODUCT_DESCRIPTION>QUALITY</PRODUCT_DESCRIPTION>
			<REFERENCE_NUMBER>1002</REFERENCE_NUMBER>
			<PURCHASE_ID>2</PURCHASE_ID>
        </G_PRODUCT_CODE>
        <G_PRODUCT_CODE>
            <PAYMENT_METHOD>paytm</PAYMENT_METHOD>
            <PAYMENT_STATUS>paid</PAYMENT_STATUS>
        </G_PRODUCT_CODE>
    </LIST_G_ORDER_CODE>
    <LIST_G_CUST_COUNT>1</LIST_G_CUST_COUNT>
    <LIST_G_ITEM_SUM>1</LIST_G_ITEM_SUM>
</LIST_G_CUST_CODE>
